user_id,signup_date
1,04-06-2024 00:00
2,27-03-2025 00:00
3,18-06-2025 00:00
4,16-08-2024 00:00
5,09-11-2024 00:00
6,01-03-2025 00:00
7,16-02-2024 00:00
8,11-05-2024 00:00
9,22-04-2025 00:00
10,04-01-2025 00:00
11,06-10-2025 00:00
12,12-04-2025 00:00
13,31-10-2025 00:00
14,13-01-2025 00:00
15,18-10-2024 00:00
16,03-03-2025 00:00
17,26-09-2025 00:00
18,30-04-2025 00:00
19,01-05-2024 00:00
20,14-01-2025 00:00
21,29-04-2025 00:00
22,31-01-2024 00:00
23,09-07-2024 00:00
24,23-10-2024 00:00
25,13-02-2024 00:00
26,20-08-2024 00:00
27,09-07-2025 00:00
28,06-03-2025 00:00
29,13-07-2025 00:00
30,25-03-2025 00:00
31,07-05-2024 00:00
32,30-05-2024 00:00
33,08-03-2025 00:00
34,13-04-2024 00:00
35,20-09-2024 00:00
36,14-04-2024 00:00
37,20-10-2024 00:00
38,27-11-2024 00:00
39,22-04-2025 00:00
40,14-07-2025 00:00
41,29-06-2024 00:00
42,15-07-2024 00:00
43,31-08-2025 00:00
44,15-10-2025 00:00
45,12-08-2025 00:00
46,29-06-2025 00:00
47,29-02-2024 00:00
48,22-06-2025 00:00
49,06-01-2024 00:00
50,26-09-2024 00:00
51,01-04-2024 00:00
52,28-09-2025 00:00
53,03-11-2024 00:00
54,07-11-2024 00:00
55,01-04-2024 00:00
56,10-08-2024 00:00
57,09-06-2024 00:00
58,20-03-2025 00:00
59,15-05-2024 00:00
60,21-11-2025 00:00
61,06-01-2024 00:00
62,07-08-2025 00:00
63,04-01-2024 00:00
64,01-06-2024 00:00
65,04-03-2025 00:00
66,15-02-2024 00:00
67,19-12-2024 00:00
68,10-08-2025 00:00
69,05-02-2025 00:00
70,13-09-2024 00:00
71,24-06-2025 00:00
72,25-08-2024 00:00
73,29-11-2025 00:00
74,08-03-2025 00:00
75,08-07-2024 00:00
76,03-06-2025 00:00
77,01-07-2024 00:00
78,16-08-2025 00:00
79,02-03-2024 00:00
80,31-01-2025 00:00
81,17-02-2024 00:00
82,01-07-2024 00:00
83,19-03-2024 00:00
84,13-05-2025 00:00
85,29-06-2025 00:00
86,15-11-2024 00:00
87,20-06-2025 00:00
88,29-05-2024 00:00
89,07-06-2024 00:00
90,02-12-2025 00:00
91,29-03-2024 00:00
92,05-01-2025 00:00
93,20-07-2024 00:00
94,13-11-2025 00:00
95,10-08-2025 00:00
96,26-11-2024 00:00
97,22-01-2025 00:00
98,01-04-2025 00:00
99,04-10-2025 00:00
100,31-03-2025 00:00
101,01-05-2024 00:00
102,13-09-2025 00:00
103,06-09-2025 00:00
104,23-07-2024 00:00
105,23-09-2025 00:00
106,05-06-2024 00:00
107,27-07-2025 00:00
108,24-07-2025 00:00
109,27-01-2024 00:00
110,03-08-2024 00:00
111,19-05-2024 00:00
112,16-06-2025 00:00
113,06-03-2025 00:00
114,10-06-2024 00:00
115,21-03-2024 00:00
116,25-09-2024 00:00
117,30-04-2025 00:00
118,29-05-2024 00:00
119,11-05-2025 00:00
120,17-01-2025 00:00
121,20-10-2024 00:00
122,15-01-2024 00:00
123,06-02-2024 00:00
124,15-11-2024 00:00
125,10-09-2024 00:00
126,21-06-2024 00:00
127,27-08-2024 00:00
128,01-08-2025 00:00
129,24-03-2025 00:00
130,16-04-2025 00:00
131,28-09-2025 00:00
132,21-12-2024 00:00
133,11-11-2025 00:00
134,09-04-2024 00:00
135,14-05-2024 00:00
136,11-04-2025 00:00
137,09-04-2024 00:00
138,21-04-2025 00:00
139,25-11-2025 00:00
140,21-09-2025 00:00
141,25-02-2024 00:00
142,03-10-2025 00:00
143,12-04-2025 00:00
144,24-09-2025 00:00
145,31-10-2025 00:00
146,29-12-2024 00:00
147,21-09-2025 00:00
148,24-06-2024 00:00
149,03-04-2025 00:00
150,20-02-2025 00:00
151,17-01-2024 00:00
152,23-07-2024 00:00
153,27-04-2025 00:00
154,29-05-2024 00:00
155,20-07-2025 00:00
156,27-04-2024 00:00
157,21-04-2024 00:00
158,05-08-2024 00:00
159,29-03-2025 00:00
160,05-08-2024 00:00
161,12-10-2024 00:00
162,22-05-2025 00:00
163,28-08-2025 00:00
164,25-08-2025 00:00
165,28-01-2024 00:00
166,17-09-2024 00:00
167,05-12-2024 00:00
168,25-09-2024 00:00
169,08-10-2024 00:00
170,11-08-2024 00:00
171,08-10-2025 00:00
172,13-01-2024 00:00
173,02-02-2024 00:00
174,10-02-2024 00:00
175,24-08-2025 00:00
176,01-10-2025 00:00
177,16-10-2024 00:00
178,20-12-2024 00:00
179,13-08-2025 00:00
180,23-03-2025 00:00
181,20-05-2025 00:00
182,22-05-2025 00:00
183,01-06-2024 00:00
184,30-08-2024 00:00
185,12-07-2025 00:00
186,26-09-2024 00:00
187,29-05-2025 00:00
188,20-02-2025 00:00
189,16-08-2024 00:00
190,22-03-2025 00:00
191,16-09-2025 00:00
192,05-09-2024 00:00
193,18-05-2024 00:00
194,24-08-2025 00:00
195,12-10-2025 00:00
196,04-02-2024 00:00
197,28-05-2024 00:00
198,17-11-2025 00:00
199,29-08-2025 00:00
200,04-04-2025 00:00
201,15-06-2025 00:00
202,12-10-2024 00:00
203,23-07-2024 00:00
204,28-07-2024 00:00
205,28-04-2025 00:00
206,18-10-2024 00:00
207,03-10-2025 00:00
208,17-06-2025 00:00
209,09-11-2024 00:00
210,30-11-2025 00:00
211,29-10-2024 00:00
212,06-03-2025 00:00
213,24-08-2024 00:00
214,13-02-2025 00:00
215,25-09-2024 00:00
216,12-05-2024 00:00
217,25-01-2024 00:00
218,22-07-2024 00:00
219,27-06-2025 00:00
220,22-05-2025 00:00
221,02-02-2025 00:00
222,24-04-2025 00:00
223,04-10-2025 00:00
224,18-04-2024 00:00
225,26-05-2024 00:00
226,01-10-2025 00:00
227,15-01-2025 00:00
228,05-10-2025 00:00
229,12-10-2025 00:00
230,13-04-2024 00:00
231,01-08-2024 00:00
232,06-07-2024 00:00
233,07-06-2024 00:00
234,24-06-2025 00:00
235,05-10-2025 00:00
236,30-06-2024 00:00
237,11-09-2025 00:00
238,26-05-2025 00:00
239,23-09-2025 00:00
240,02-04-2024 00:00
241,24-09-2025 00:00
242,11-01-2024 00:00
243,06-04-2025 00:00
244,15-10-2024 00:00
245,02-08-2025 00:00
246,28-04-2024 00:00
247,25-03-2025 00:00
248,19-04-2024 00:00
249,03-04-2024 00:00
250,23-10-2025 00:00
251,08-03-2024 00:00
252,10-09-2025 00:00
253,29-09-2024 00:00
254,29-01-2024 00:00
255,14-04-2024 00:00
256,03-05-2024 00:00
257,15-06-2024 00:00
258,13-01-2025 00:00
259,10-03-2025 00:00
260,07-05-2025 00:00
261,17-01-2024 00:00
262,15-01-2025 00:00
263,02-04-2025 00:00
264,06-03-2025 00:00
265,23-10-2024 00:00
266,21-07-2025 00:00
267,15-01-2024 00:00
268,11-02-2024 00:00
269,29-01-2025 00:00
270,21-08-2024 00:00
271,13-01-2025 00:00
272,19-09-2025 00:00
273,23-11-2025 00:00
274,20-08-2024 00:00
275,06-03-2024 00:00
276,05-05-2024 00:00
277,22-08-2025 00:00
278,18-09-2025 00:00
279,31-05-2024 00:00
280,28-04-2025 00:00
281,02-07-2024 00:00
282,06-03-2025 00:00
283,20-07-2025 00:00
284,10-12-2024 00:00
285,23-09-2025 00:00
286,27-03-2025 00:00
287,19-11-2024 00:00
288,14-02-2025 00:00
289,24-06-2025 00:00
290,10-09-2024 00:00
291,25-05-2024 00:00
292,27-01-2025 00:00
293,16-03-2024 00:00
294,02-02-2024 00:00
295,09-06-2024 00:00
296,24-11-2025 00:00
297,19-01-2024 00:00
298,14-05-2024 00:00
299,30-01-2025 00:00
300,23-01-2024 00:00
301,18-08-2025 00:00
302,18-07-2025 00:00
303,07-03-2025 00:00
304,06-08-2025 00:00
305,15-08-2025 00:00
306,15-05-2024 00:00
307,26-06-2025 00:00
308,27-02-2025 00:00
309,17-02-2025 00:00
310,23-03-2024 00:00
311,01-05-2025 00:00
312,16-12-2024 00:00
313,08-05-2025 00:00
314,22-02-2024 00:00
315,07-03-2025 00:00
316,03-07-2024 00:00
317,20-07-2024 00:00
318,20-03-2025 00:00
319,11-10-2025 00:00
320,30-08-2025 00:00
321,22-02-2024 00:00
322,25-09-2024 00:00
323,22-02-2025 00:00
324,18-10-2025 00:00
325,29-11-2025 00:00
326,26-12-2024 00:00
327,22-07-2025 00:00
328,19-02-2024 00:00
329,09-03-2025 00:00
330,20-06-2025 00:00
331,06-09-2024 00:00
332,17-05-2024 00:00
333,21-09-2024 00:00
334,07-05-2024 00:00
335,23-11-2025 00:00
336,10-08-2025 00:00
337,16-09-2025 00:00
338,03-07-2025 00:00
339,23-05-2024 00:00
340,27-10-2025 00:00
341,19-11-2024 00:00
342,15-04-2024 00:00
343,16-05-2024 00:00
344,04-07-2025 00:00
345,18-09-2024 00:00
346,25-07-2025 00:00
347,21-10-2025 00:00
348,21-01-2025 00:00
349,24-11-2024 00:00
350,23-10-2025 00:00
351,15-01-2026 06:00
352,31-12-2025 12:00
353,10-01-2026 14:00
354,29-12-2025 19:00
355,05-01-2026 12:00
356,18-01-2026 07:00
357,19-01-2026 11:00
358,06-01-2026 05:00
359,18-01-2026 22:00
360,22-12-2025 13:00
361,11-01-2026 07:00
362,08-01-2026 02:00
363,06-01-2026 17:00
364,04-01-2026 22:00
365,27-12-2025 21:00
