txn_id,applicant_id,txn_hour,is_new_device,txn_amount_inr,channel,anomaly_score,anomaly_flag,anomaly_label
BTXNA11,APP1319,1,1,24999,P2P,-0.09438722889475293,1,Anomaly
BTXN5081,APP1354,13,1,3999,P2P,-0.06755225777047047,1,Anomaly
BTXN5010,APP1027,22,1,199,P2P,-0.06406066591161741,1,Anomaly
BTXNA12,APP1020,1,1,14999,P2P,-0.05525652663033154,1,Anomaly
BTXNA0,APP1089,2,1,24999,P2P,-0.03979734203046614,1,Anomaly
BTXNA10,APP1198,2,1,24999,P2P,-0.03979734203046614,1,Anomaly
BTXNA8,APP1096,2,1,14999,P2P,-0.028925926311311634,1,Anomaly
BTXN5157,APP1108,20,1,999,P2P,-0.02742267449944802,1,Anomaly
BTXN5003,APP1293,18,1,999,P2M,-0.010658037151927369,1,Anomaly
BTXN5130,APP1328,7,1,1999,P2M,-0.010187692208840637,1,Anomaly
BTXNA5,APP1216,4,1,19999,P2P,-0.006586317520013374,1,Anomaly
BTXNA3,APP1357,4,1,19999,P2P,-0.006586317520013374,1,Anomaly
BTXNA7,APP1263,2,1,19999,P2P,-0.00495002165888736,1,Anomaly
BTXN5124,APP1029,6,1,199,P2P,-0.004700008392445776,1,Anomaly
BTXNA2,APP1317,1,1,19999,P2P,0.0,1,Anomaly
BTXNA14,APP1370,1,1,19999,P2P,0.0,0,Normal
BTXNA6,APP1394,4,1,14999,P2P,0.0017081406413247402,0,Normal
BTXNA4,APP1173,4,1,14999,P2P,0.0017081406413247402,0,Normal
BTXNA13,APP1199,4,1,14999,P2P,0.0017081406413247402,0,Normal
BTXNA1,APP1185,3,1,19999,P2P,0.01162751872897605,0,Normal
BTXNA9,APP1116,3,1,19999,P2P,0.01162751872897605,0,Normal
BTXN5246,APP1209,12,1,199,P2M,0.012783356610235441,0,Normal
BTXN5225,APP1317,12,1,499,P2M,0.017386339296702524,0,Normal
BTXN5070,APP1133,22,0,3999,P2P,0.02407620298827018,0,Normal
BTXN5055,APP1295,22,0,3999,P2P,0.02407620298827018,0,Normal
BTXN5142,APP1142,7,0,3999,P2M,0.025766753593888136,0,Normal
BTXN5193,APP1205,6,0,3999,P2M,0.026942318260599785,0,Normal
BTXN5228,APP1215,6,0,3999,P2P,0.026942318260599785,0,Normal
BTXN5123,APP1009,16,0,3999,P2P,0.032586011245482216,0,Normal
BTXN5233,APP1034,7,1,999,P2M,0.03482295391117385,0,Normal
BTXN5089,APP1343,22,0,1999,P2P,0.03603787213451304,0,Normal
BTXN5112,APP1380,9,0,3999,P2M,0.03900193458282031,0,Normal
BTXN5013,APP1327,7,1,199,P2M,0.04387409961744837,0,Normal
BTXN5088,APP1380,21,0,3999,P2M,0.05736672134451637,0,Normal
BTXN5049,APP1244,21,0,3999,P2P,0.05736672134451637,0,Normal
BTXN5199,APP1275,17,0,3999,P2M,0.06298580390605912,0,Normal
BTXN5201,APP1182,17,0,3999,P2M,0.06298580390605912,0,Normal
BTXN5057,APP1300,20,0,3999,P2M,0.06619506336436298,0,Normal
BTXN5240,APP1304,20,0,3999,P2M,0.06619506336436298,0,Normal
BTXN5208,APP1219,19,0,3999,P2P,0.06702035326044375,0,Normal
BTXN5177,APP1036,19,0,3999,P2P,0.06702035326044375,0,Normal
BTXN5118,APP1351,6,0,999,P2M,0.07185796172808545,0,Normal
BTXN5185,APP1059,11,0,3999,P2P,0.07463160974071592,0,Normal
BTXN5161,APP1104,11,0,3999,P2M,0.07463160974071592,0,Normal
BTXN5209,APP1105,21,0,1999,P2P,0.07781465282924416,0,Normal
BTXN5073,APP1037,7,1,499,P2P,0.0782338252969551,0,Normal
BTXN5109,APP1359,7,1,499,P2P,0.0782338252969551,0,Normal
BTXN5136,APP1108,10,0,3999,P2M,0.09107769373475572,0,Normal
BTXN5048,APP1136,10,0,3999,P2P,0.09107769373475572,0,Normal
BTXN5232,APP1216,10,0,3999,P2M,0.09107769373475572,0,Normal
BTXN5164,APP1190,22,0,199,P2P,0.09829894117689797,0,Normal
BTXN5083,APP1151,22,0,199,P2M,0.09829894117689797,0,Normal
BTXN5239,APP1029,8,0,1999,P2P,0.10519656561897928,0,Normal
BTXN5247,APP1219,8,0,1999,P2M,0.10519656561897928,0,Normal
BTXN5096,APP1344,7,0,1999,P2M,0.10573759702994778,0,Normal
BTXN5242,APP1110,7,0,1999,P2P,0.10573759702994778,0,Normal
BTXN5113,APP1044,7,0,1999,P2P,0.10573759702994778,0,Normal
BTXN5002,APP1079,18,0,1999,P2P,0.10930483546283343,0,Normal
BTXN5196,APP1222,16,0,1999,P2M,0.10944699251053713,0,Normal
BTXN5140,APP1208,22,0,999,P2M,0.11148639001754457,0,Normal
BTXN5197,APP1088,22,0,999,P2P,0.11148639001754457,0,Normal
BTXN5027,APP1351,9,0,1999,P2M,0.11793768375036373,0,Normal
BTXN5151,APP1145,9,0,1999,P2P,0.11793768375036373,0,Normal
BTXN5147,APP1246,12,0,1999,P2M,0.1253989338697742,0,Normal
BTXN5212,APP1194,15,0,1999,P2M,0.12650571514110176,0,Normal
BTXN5077,APP1321,7,0,999,P2M,0.13707606053365307,0,Normal
BTXN5211,APP1069,7,0,999,P2M,0.13707606053365307,0,Normal
BTXN5068,APP1057,7,0,999,P2P,0.13707606053365307,0,Normal
BTXN5059,APP1176,11,0,1999,P2M,0.13813947366458168,0,Normal
BTXN5220,APP1324,11,0,1999,P2P,0.13813947366458168,0,Normal
BTXN5020,APP1064,13,0,1999,P2P,0.138668502694255,0,Normal
BTXN5031,APP1342,13,0,1999,P2M,0.138668502694255,0,Normal
BTXN5074,APP1389,20,0,1999,P2P,0.13945739914121236,0,Normal
BTXN5058,APP1076,20,0,1999,P2P,0.13945739914121236,0,Normal
BTXN5166,APP1255,20,0,1999,P2M,0.13945739914121236,0,Normal
BTXN5141,APP1271,20,0,1999,P2P,0.13945739914121236,0,Normal
BTXN5189,APP1319,21,0,199,P2P,0.14646491807856438,0,Normal
BTXN5018,APP1231,21,0,199,P2M,0.14646491807856438,0,Normal
BTXN5054,APP1089,21,0,199,P2M,0.14646491807856438,0,Normal
BTXN5034,APP1102,21,0,199,P2P,0.14646491807856438,0,Normal
BTXN5051,APP1312,20,0,199,P2P,0.14749127641802356,0,Normal
BTXN5202,APP1208,20,0,199,P2M,0.14749127641802356,0,Normal
BTXN5219,APP1191,20,0,199,P2P,0.14749127641802356,0,Normal
BTXN5106,APP1041,14,0,1999,P2P,0.14854827714519458,0,Normal
BTXN5023,APP1114,14,0,1999,P2M,0.14854827714519458,0,Normal
BTXN5038,APP1370,14,0,1999,P2P,0.14854827714519458,0,Normal
BTXN5155,APP1012,19,0,1999,P2M,0.14861273747794962,0,Normal
BTXN5204,APP1152,19,0,1999,P2P,0.14861273747794962,0,Normal
BTXN5080,APP1372,19,0,1999,P2M,0.14861273747794962,0,Normal
BTXN5053,APP1020,19,0,1999,P2P,0.14861273747794962,0,Normal
BTXN5203,APP1129,7,0,499,P2M,0.15004324408511582,0,Normal
BTXN5094,APP1152,9,0,999,P2P,0.15650041901795603,0,Normal
BTXN5121,APP1038,9,0,999,P2M,0.15650041901795603,0,Normal
BTXN5127,APP1087,9,0,999,P2M,0.15650041901795603,0,Normal
BTXN5238,APP1006,19,0,199,P2P,0.15673082478587336,0,Normal
BTXN5011,APP1172,19,0,199,P2P,0.15673082478587336,0,Normal
BTXN5043,APP1049,10,0,999,P2M,0.163468536390818,0,Normal
BTXN5101,APP1024,10,0,999,P2P,0.163468536390818,0,Normal
BTXN5178,APP1073,20,0,999,P2M,0.16789895009096345,0,Normal
BTXN5226,APP1143,20,0,999,P2M,0.16789895009096345,0,Normal
BTXN5229,APP1360,20,0,999,P2M,0.16789895009096345,0,Normal
BTXN5173,APP1163,6,0,499,P2M,0.16902154972721756,0,Normal
BTXN5033,APP1312,6,0,499,P2P,0.16902154972721756,0,Normal
BTXN5184,APP1311,6,0,499,P2M,0.16902154972721756,0,Normal
BTXN5188,APP1295,6,0,499,P2P,0.16902154972721756,0,Normal
BTXN5223,APP1381,6,0,499,P2M,0.16902154972721756,0,Normal
BTXN5072,APP1248,6,0,499,P2M,0.16902154972721756,0,Normal
BTXN5041,APP1169,6,0,499,P2M,0.16902154972721756,0,Normal
BTXN5071,APP1330,18,0,199,P2M,0.1706006495088247,0,Normal
BTXN5205,APP1012,18,0,199,P2P,0.1706006495088247,0,Normal
BTXN5224,APP1366,18,0,199,P2M,0.1706006495088247,0,Normal
BTXN5174,APP1375,21,0,999,P2M,0.1708389363869528,0,Normal
BTXN5237,APP1099,21,0,999,P2P,0.1708389363869528,0,Normal
BTXN5047,APP1346,21,0,999,P2P,0.1708389363869528,0,Normal
BTXN5192,APP1156,21,0,999,P2M,0.1708389363869528,0,Normal
BTXN5021,APP1133,21,0,999,P2P,0.1708389363869528,0,Normal
BTXN5215,APP1081,17,0,999,P2M,0.1741106833102664,0,Normal
BTXN5227,APP1383,17,0,999,P2P,0.1741106833102664,0,Normal
BTXN5190,APP1340,17,0,999,P2M,0.1741106833102664,0,Normal
BTXN5115,APP1020,19,0,999,P2M,0.17427166583519088,0,Normal
BTXN5179,APP1072,19,0,999,P2M,0.17427166583519088,0,Normal
BTXN5093,APP1000,7,0,199,P2M,0.1744930824879815,0,Normal
BTXN5182,APP1129,7,0,199,P2M,0.1744930824879815,0,Normal
BTXN5082,APP1224,7,0,199,P2P,0.1744930824879815,0,Normal
BTXN5006,APP1342,7,0,199,P2M,0.1744930824879815,0,Normal
BTXN5172,APP1396,7,0,199,P2P,0.1744930824879815,0,Normal
BTXN5181,APP1198,17,0,199,P2M,0.174841019652212,0,Normal
BTXN5075,APP1074,17,0,199,P2M,0.174841019652212,0,Normal
BTXN5158,APP1329,17,0,199,P2M,0.174841019652212,0,Normal
BTXN5156,APP1259,14,0,999,P2M,0.1759800212449591,0,Normal
BTXN5110,APP1033,14,0,999,P2M,0.1759800212449591,0,Normal
BTXN5067,APP1024,14,0,999,P2M,0.1759800212449591,0,Normal
BTXN5050,APP1108,8,0,499,P2P,0.1764176891584186,0,Normal
BTXN5168,APP1116,8,0,499,P2P,0.1764176891584186,0,Normal
BTXN5052,APP1286,8,0,499,P2M,0.1764176891584186,0,Normal
BTXN5028,APP1157,8,0,499,P2M,0.1764176891584186,0,Normal
BTXN5119,APP1360,6,0,199,P2M,0.17758624203845774,0,Normal
BTXN5120,APP1047,6,0,199,P2M,0.17758624203845774,0,Normal
BTXN5116,APP1121,6,0,199,P2M,0.17758624203845774,0,Normal
BTXN5187,APP1102,6,0,199,P2M,0.17758624203845774,0,Normal
BTXN5234,APP1182,6,0,199,P2M,0.17758624203845774,0,Normal
BTXN5243,APP1231,6,0,199,P2P,0.17758624203845774,0,Normal
BTXN5150,APP1078,6,0,199,P2P,0.17758624203845774,0,Normal
BTXN5163,APP1066,6,0,199,P2M,0.17758624203845774,0,Normal
BTXN5025,APP1342,6,0,199,P2P,0.17758624203845774,0,Normal
BTXN5218,APP1339,6,0,199,P2P,0.17758624203845774,0,Normal
BTXN5129,APP1380,21,0,499,P2M,0.1791404197572714,0,Normal
BTXN5102,APP1015,21,0,499,P2P,0.1791404197572714,0,Normal
BTXN5235,APP1269,21,0,499,P2M,0.1791404197572714,0,Normal
BTXN5092,APP1189,21,0,499,P2P,0.1791404197572714,0,Normal
BTXN5060,APP1342,20,0,499,P2M,0.17998187762150275,0,Normal
BTXN5063,APP1245,20,0,499,P2M,0.17998187762150275,0,Normal
BTXN5065,APP1091,20,0,499,P2M,0.17998187762150275,0,Normal
BTXN5037,APP1087,17,0,499,P2M,0.18069878285553354,0,Normal
BTXN5146,APP1068,15,0,999,P2M,0.18487923073013524,0,Normal
BTXN5040,APP1167,15,0,999,P2M,0.18487923073013524,0,Normal
BTXN5125,APP1243,15,0,999,P2M,0.18487923073013524,0,Normal
BTXN5139,APP1387,15,0,999,P2P,0.18487923073013524,0,Normal
BTXN5230,APP1323,9,0,499,P2P,0.1848919782178069,0,Normal
BTXN5206,APP1121,9,0,499,P2M,0.1848919782178069,0,Normal
BTXN5143,APP1098,9,0,499,P2P,0.1848919782178069,0,Normal
BTXN5126,APP1273,14,0,499,P2M,0.18839680148471094,0,Normal
BTXN5133,APP1190,18,0,499,P2M,0.18878510918967478,0,Normal
BTXN5066,APP1027,18,0,499,P2P,0.18878510918967478,0,Normal
BTXN5090,APP1236,16,0,199,P2M,0.1891153138421649,0,Normal
BTXN5111,APP1344,16,0,199,P2M,0.1891153138421649,0,Normal
BTXN5248,APP1079,16,0,199,P2M,0.1891153138421649,0,Normal
BTXN5137,APP1136,16,0,199,P2M,0.1891153138421649,0,Normal
BTXN5099,APP1220,12,0,999,P2P,0.18924115428536525,0,Normal
BTXN5095,APP1125,12,0,999,P2M,0.18924115428536525,0,Normal
BTXN5210,APP1374,12,0,999,P2M,0.18924115428536525,0,Normal
BTXN5019,APP1084,12,0,999,P2P,0.18924115428536525,0,Normal
BTXN5175,APP1140,22,0,499,P2M,0.18945486910124315,0,Normal
BTXN5135,APP1008,22,0,499,P2P,0.18945486910124315,0,Normal
BTXN5153,APP1257,22,0,499,P2P,0.18945486910124315,0,Normal
BTXN5165,APP1365,22,0,499,P2M,0.18945486910124315,0,Normal
BTXN5098,APP1225,22,0,499,P2M,0.18945486910124315,0,Normal
BTXN5091,APP1034,22,0,499,P2M,0.18945486910124315,0,Normal
BTXN5132,APP1003,22,0,499,P2P,0.18945486910124315,0,Normal
BTXN5213,APP1185,22,0,499,P2M,0.18945486910124315,0,Normal
BTXN5045,APP1346,22,0,499,P2M,0.18945486910124315,0,Normal
BTXN5001,APP1167,22,0,499,P2P,0.18945486910124315,0,Normal
BTXN5087,APP1371,10,0,199,P2P,0.19006461316826317,0,Normal
BTXN5107,APP1335,10,0,199,P2M,0.19006461316826317,0,Normal
BTXN5100,APP1210,10,0,199,P2M,0.19006461316826317,0,Normal
BTXN5104,APP1328,10,0,199,P2P,0.19006461316826317,0,Normal
BTXN5007,APP1309,9,0,199,P2P,0.19067397077274295,0,Normal
BTXN5194,APP1178,9,0,199,P2M,0.19067397077274295,0,Normal
BTXN5042,APP1134,9,0,199,P2M,0.19067397077274295,0,Normal
BTXN5122,APP1286,9,0,199,P2M,0.19067397077274295,0,Normal
BTXN5061,APP1147,9,0,199,P2M,0.19067397077274295,0,Normal
BTXN5026,APP1362,13,0,499,P2M,0.1907849169288573,0,Normal
BTXN5191,APP1150,13,0,499,P2M,0.1907849169288573,0,Normal
BTXN5062,APP1100,13,0,499,P2M,0.1907849169288573,0,Normal
BTXN5084,APP1018,10,0,499,P2P,0.1911302739261636,0,Normal
BTXN5186,APP1278,10,0,499,P2M,0.1911302739261636,0,Normal
BTXN5214,APP1098,10,0,499,P2P,0.1911302739261636,0,Normal
BTXN5222,APP1314,18,0,999,P2M,0.1927627426073948,0,Normal
BTXN5134,APP1167,18,0,999,P2M,0.1927627426073948,0,Normal
BTXN5231,APP1014,18,0,999,P2M,0.1927627426073948,0,Normal
BTXN5030,APP1145,18,0,999,P2M,0.1927627426073948,0,Normal
BTXN5024,APP1063,18,0,999,P2M,0.1927627426073948,0,Normal
BTXN5160,APP1094,11,0,999,P2P,0.19422658424187295,0,Normal
BTXN5097,APP1399,11,0,999,P2M,0.19422658424187295,0,Normal
BTXN5035,APP1346,11,0,999,P2P,0.19422658424187295,0,Normal
BTXN5079,APP1258,11,0,999,P2M,0.19422658424187295,0,Normal
BTXN5236,APP1357,11,0,999,P2M,0.19422658424187295,0,Normal
BTXN5005,APP1125,15,0,199,P2M,0.1947878187913566,0,Normal
BTXN5108,APP1235,15,0,199,P2P,0.1947878187913566,0,Normal
BTXN5000,APP1126,15,0,199,P2P,0.1947878187913566,0,Normal
BTXN5008,APP1149,11,0,199,P2M,0.19748045987031843,0,Normal
BTXN5016,APP1084,11,0,199,P2M,0.19748045987031843,0,Normal
BTXN5149,APP1275,11,0,199,P2M,0.19748045987031843,0,Normal
BTXN5176,APP1267,11,0,199,P2M,0.19748045987031843,0,Normal
BTXN5183,APP1245,8,0,199,P2P,0.2017325730451177,0,Normal
BTXN5144,APP1376,8,0,199,P2M,0.2017325730451177,0,Normal
BTXN5180,APP1307,8,0,199,P2P,0.2017325730451177,0,Normal
BTXN5014,APP1235,8,0,199,P2M,0.2017325730451177,0,Normal
BTXN5241,APP1143,8,0,199,P2P,0.2017325730451177,0,Normal
BTXN5029,APP1076,8,0,199,P2P,0.2017325730451177,0,Normal
BTXN5046,APP1133,8,0,199,P2P,0.2017325730451177,0,Normal
BTXN5086,APP1240,8,0,199,P2M,0.2017325730451177,0,Normal
BTXN5064,APP1116,8,0,199,P2M,0.2017325730451177,0,Normal
BTXN5012,APP1045,16,0,499,P2P,0.20197972105894707,0,Normal
BTXN5154,APP1092,16,0,499,P2M,0.20197972105894707,0,Normal
BTXN5039,APP1302,16,0,499,P2M,0.20197972105894707,0,Normal
BTXN5015,APP1213,16,0,499,P2P,0.20197972105894707,0,Normal
BTXN5169,APP1266,16,0,499,P2M,0.20197972105894707,0,Normal
BTXN5162,APP1007,13,0,199,P2P,0.20208701219346747,0,Normal
BTXN5148,APP1260,13,0,199,P2P,0.20208701219346747,0,Normal
BTXN5105,APP1128,13,0,199,P2M,0.20208701219346747,0,Normal
BTXN5069,APP1296,13,0,199,P2M,0.20208701219346747,0,Normal
BTXN5076,APP1141,19,0,499,P2M,0.20237573391511104,0,Normal
BTXN5207,APP1358,19,0,499,P2P,0.20237573391511104,0,Normal
BTXN5017,APP1281,19,0,499,P2P,0.20237573391511104,0,Normal
BTXN5152,APP1110,19,0,499,P2M,0.20237573391511104,0,Normal
BTXN5085,APP1145,19,0,499,P2P,0.20237573391511104,0,Normal
BTXN5056,APP1111,19,0,499,P2M,0.20237573391511104,0,Normal
BTXN5171,APP1297,15,0,499,P2P,0.20365986610441777,0,Normal
BTXN5159,APP1188,15,0,499,P2M,0.20365986610441777,0,Normal
BTXN5195,APP1196,15,0,499,P2M,0.20365986610441777,0,Normal
BTXN5131,APP1014,15,0,499,P2P,0.20365986610441777,0,Normal
BTXN5217,APP1373,14,0,199,P2M,0.20856005506279862,0,Normal
BTXN5044,APP1339,14,0,199,P2P,0.20856005506279862,0,Normal
BTXN5103,APP1181,14,0,199,P2M,0.20856005506279862,0,Normal
BTXN5245,APP1071,14,0,199,P2M,0.20856005506279862,0,Normal
BTXN5244,APP1178,14,0,199,P2M,0.20856005506279862,0,Normal
BTXN5170,APP1098,14,0,199,P2M,0.20856005506279862,0,Normal
BTXN5198,APP1286,12,0,499,P2M,0.20916815689956103,0,Normal
BTXN5117,APP1069,12,0,499,P2P,0.20916815689956103,0,Normal
BTXN5138,APP1153,12,0,499,P2M,0.20916815689956103,0,Normal
BTXN5022,APP1150,12,0,499,P2P,0.20916815689956103,0,Normal
BTXN5221,APP1213,11,0,499,P2M,0.21013849562201153,0,Normal
BTXN5216,APP1074,11,0,499,P2M,0.21013849562201153,0,Normal
BTXN5128,APP1243,11,0,499,P2P,0.21013849562201153,0,Normal
BTXN5114,APP1133,11,0,499,P2P,0.21013849562201153,0,Normal
BTXN5009,APP1015,11,0,499,P2P,0.21013849562201153,0,Normal
BTXN5249,APP1082,12,0,199,P2M,0.21770010376416782,0,Normal
BTXN5167,APP1008,12,0,199,P2P,0.21770010376416782,0,Normal
BTXN5145,APP1307,12,0,199,P2P,0.21770010376416782,0,Normal
BTXN5078,APP1167,12,0,199,P2P,0.21770010376416782,0,Normal
BTXN5200,APP1235,12,0,199,P2M,0.21770010376416782,0,Normal
BTXN5036,APP1300,12,0,199,P2M,0.21770010376416782,0,Normal
BTXN5032,APP1224,12,0,199,P2M,0.21770010376416782,0,Normal
BTXN5004,APP1332,12,0,199,P2P,0.21770010376416782,0,Normal
