applicant_id,default_probability,risk_band,recommended_limit_inr,recommended_apr_percent
A0001,0.8821249629515217,High,1000,28
A0002,0.004696008022661855,Low,48122,12
A0003,0.00016237568312095905,Low,49935,12
A0004,0.017794360367051062,Low,42882,12
A0005,0.013915504867903055,Low,44434,12
A0006,0.011214807516717658,Low,45514,12
A0007,0.4476485268132394,High,2885,28
A0008,0.004135844687556922,Low,48346,12
A0009,0.9522298224624246,High,1000,28
A0010,0.008988913454234923,Low,46404,12
A0011,0.0020170830816506513,Low,49193,12
A0012,0.02473598331993342,Low,40106,12
A0013,0.45507701786121246,High,2617,28
A0014,1.3548612712380322e-05,Low,49995,12
A0015,0.016433643135119646,Low,43427,12
A0016,0.0024315811413942313,Low,49027,12
A0017,0.09091228965860644,Low,13635,12
A0018,0.0020873636474326484,Low,49165,12
A0019,0.0019578818290152673,Low,49217,12
A0020,0.8659401396468848,High,1000,28
A0021,3.995212832899138e-05,Low,49984,12
A0022,0.10160560534227871,Medium,24786,18
A0023,0.10064852169707171,Medium,24914,18
A0024,0.6937943881310603,High,1000,28
A0025,0.9665453331155255,High,1000,28
A0026,0.0036239147778266596,Low,48550,12
A0027,0.005659088323936646,Low,47736,12
A0028,0.003782625069938019,Low,48487,12
A0029,0.0007952773243528294,Low,49682,12
A0030,0.9675873811282335,High,1000,28
A0031,0.2082624927463212,Medium,10565,18
A0032,0.8326147139632035,High,1000,28
A0033,0.45042507410229876,High,2785,28
A0034,0.021560960591955683,Low,41376,12
A0035,0.9705270915298744,High,1000,28
A0036,0.00025489407548257454,Low,49898,12
A0037,0.31517195942522547,High,7654,28
A0038,3.2090839897926193e-06,Low,49999,12
A0039,0.00039223224629554413,Low,49843,12
A0040,0.002660568052877707,Low,48936,12
A0041,0.00019325533109927536,Low,49923,12
A0042,7.166290723064821e-05,Low,49971,12
A0043,9.801935327984995e-06,Low,49996,12
A0044,2.0040555075079343e-05,Low,49992,12
A0045,0.003089682128784677,Low,48764,12
A0046,0.3883922788070261,High,5018,28
A0047,0.1294931676536975,Medium,21068,18
A0048,0.028628868479975526,Low,38548,12
A0049,0.03435548581210345,Low,36258,12
A0050,0.006837421345501758,Low,47265,12
A0051,0.34354905860332524,High,6632,28
A0052,0.017471555449905203,Low,43011,12
A0053,0.0008707421958028654,Low,49652,12
A0054,0.020188798325351046,Low,41924,12
A0055,0.0005371100510139198,Low,49785,12
A0056,0.9773425063076384,High,1000,28
A0057,9.07820173510214e-05,Low,49964,12
A0058,0.17497950680315114,Medium,15003,18
A0059,0.00033310098072547123,Low,49867,12
A0060,0.0005137556835429432,Low,49794,12
A0061,0.0014027693404770278,Low,49439,12
A0062,0.99588346638126,High,1000,28
A0063,0.009498462706597573,Low,46201,12
A0064,0.0014335050345505656,Low,49427,12
A0065,0.05450315377830899,Low,28199,12
A0066,3.9438251139949315e-05,Low,49984,12
A0067,0.0005761930856350754,Low,49770,12
A0068,0.03952559674873384,Low,34190,12
A0069,0.0026310466331878613,Low,48948,12
A0070,0.0006027902099739549,Low,49759,12
A0071,0.010880464654368179,Low,45648,12
A0072,2.8330069698015765e-06,Low,49999,12
A0073,0.12809305663100679,Medium,21254,18
A0074,0.004140216486181734,Low,48344,12
A0075,0.9987388924841958,High,1000,28
A0076,0.34581188207119273,High,6551,28
A0077,0.0012773773345481048,Low,49489,12
A0078,0.3426887124211257,High,6663,28
A0079,0.9889466018076813,High,1000,28
A0080,0.9162860236851033,High,1000,28
A0081,0.8848830724559168,High,1000,28
A0082,0.9894511964786125,High,1000,28
A0083,8.439763703812888e-06,Low,49997,12
A0084,0.000628867824726345,Low,49748,12
A0085,0.01735769930232289,Low,43057,12
A0086,0.14678047290605833,Medium,18763,18
A0087,0.0014311489489431707,Low,49428,12
A0088,0.043782745181858915,Low,32487,12
A0089,0.010147649138609438,Low,45941,12
A0090,0.0017202133788899539,Low,49312,12
A0091,0.15769842691267,Medium,17307,18
A0092,0.9998395064676763,High,1000,28
A0093,0.9987072955931244,High,1000,28
A0094,0.9101981521200022,High,1000,28
A0095,0.005750491186066272,Low,47700,12
A0096,0.5666545019371859,High,1000,28
A0097,0.11209500409047099,Medium,23387,18
A0098,0.004860222189714379,Low,48056,12
A0099,0.0037681876895493895,Low,48493,12
A0100,0.16023489891299372,Medium,16969,18
A0101,0.00026428241188286686,Low,49894,12
A0102,0.0001839892191161651,Low,49926,12
A0103,0.0012589674914080884,Low,49496,12
A0104,0.02670916965349285,Low,39316,12
A0105,0.2586391099939839,High,9689,28
A0106,0.0837241648285265,Low,16510,12
A0107,2.000417465963002e-06,Low,49999,12
A0108,0.7292866700215007,High,1000,28
A0109,0.0006440569060511981,Low,49742,12
A0110,0.5429657589931903,High,1000,28
A0111,0.28293819991194175,High,8814,28
A0112,0.6236328134754723,High,1000,28
A0113,1.6394641233347656e-05,Low,49993,12
A0114,0.019693656898873736,Low,42123,12
A0115,0.9048519449449838,High,1000,28
A0116,0.0002444409801592297,Low,49902,12
A0117,0.2905702283528358,High,8539,28
A0118,0.007656460164752917,Low,46937,12
A0119,0.0003562776473488253,Low,49857,12
A0120,0.5838860846756087,High,1000,28
A0121,0.028802630812991472,Low,38479,12
A0122,0.8075621661886755,High,1000,28
A0123,0.9961027093573975,High,1000,28
A0124,0.18756764812284754,Medium,13324,18
A0125,0.0063627289701334395,Low,47455,12
A0126,1.0836563193289201e-05,Low,49996,12
A0127,0.006629809069616843,Low,47348,12
A0128,0.015728701721452683,Low,43709,12
A0129,0.5653034151398093,High,1000,28
A0130,0.525638484017074,High,1000,28
A0131,4.065825741050344e-05,Low,49984,12
A0132,0.0004507672199297971,Low,49820,12
A0133,0.00034325055985708134,Low,49863,12
A0134,0.09560231743236991,Low,11759,12
A0135,0.025033063323048506,Low,39987,12
A0136,0.0036133421110515836,Low,48555,12
A0137,0.75845297014892,High,1000,28
A0138,0.0067309679317021824,Low,47308,12
A0139,0.03663415743840332,Low,35346,12
A0140,6.187979109806204e-06,Low,49998,12
A0141,0.0003556542999540095,Low,49858,12
A0142,0.0036539427717541665,Low,48538,12
A0143,0.98801338883544,High,1000,28
A0144,0.2557897556708644,High,9792,28
A0145,0.00425153763596991,Low,48299,12
A0146,0.006981099784090261,Low,47208,12
A0147,0.009993372041628383,Low,46003,12
A0148,0.0773281348969218,Low,19069,12
A0149,0.0002744375685283892,Low,49890,12
A0150,0.14333770700914675,Medium,19222,18
A0151,0.12736167994399716,Medium,21352,18
A0152,0.9463193427976383,High,1000,28
A0153,0.10095179891189768,Medium,24873,18
A0154,0.0015108747942444239,Low,49396,12
A0155,0.07172437633193526,Low,21310,12
A0156,5.441583022904221e-05,Low,49978,12
A0157,0.20273993150038536,Medium,11301,18
A0158,0.0018148967670527272,Low,49274,12
A0159,2.0093000801899504e-05,Low,49992,12
A0160,0.27441356618732904,High,9121,28
A0161,0.035859676604304815,Low,35656,12
A0162,0.00020400123956706355,Low,49918,12
A0163,0.0018390958345436861,Low,49264,12
A0164,0.001449919457692234,Low,49420,12
A0165,0.03410008400842633,Low,36360,12
A0166,1.8695634684300185e-05,Low,49993,12
A0167,0.001538002953997553,Low,49385,12
A0168,0.6103703590285036,High,1000,28
A0169,0.03772947453679111,Low,34908,12
A0170,0.0009845643565094548,Low,49606,12
A0171,0.026777096754423822,Low,39289,12
A0172,0.03388395661950404,Low,36446,12
A0173,0.00017759702576744348,Low,49929,12
A0174,0.004236444770732756,Low,48305,12
A0175,2.0176290802781423e-06,Low,49999,12
A0176,0.3563864036155128,High,6170,28
A0177,0.36551559304171366,High,5841,28
A0178,0.8610267769733972,High,1000,28
A0179,0.004373010495096126,Low,48251,12
A0180,0.014627411356004589,Low,44149,12
A0181,0.4730130161708592,High,1972,28
A0182,0.003622322541365905,Low,48551,12
A0183,0.8687170789822878,High,1000,28
A0184,0.004995740742346386,Low,48002,12
A0185,0.0007407781136488214,Low,49704,12
A0186,0.006947687260890868,Low,47221,12
A0187,0.1784369651218212,Medium,14542,18
A0188,0.1190991007116828,Medium,22453,18
A0189,0.395817818122496,High,4751,28
A0190,0.6324663696940248,High,1000,28
A0191,0.001170898918973583,Low,49532,12
A0192,0.4055540089538884,High,4400,28
A0193,0.009217566999147735,Low,46313,12
A0194,0.1084206500380296,Medium,23877,18
A0195,0.6077795401431567,High,1000,28
A0196,0.23272123613162168,Medium,7304,18
A0197,0.1164283497570811,Medium,22810,18
A0198,0.03514480352863352,Low,35942,12
A0199,0.0013942573627846937,Low,49442,12
A0200,0.9917931780952381,High,1000,28
A0201,0.0003088347714025392,Low,49876,12
A0202,0.07495859957130907,Low,20017,12
A0203,0.00014896838155923936,Low,49940,12
A0204,0.045953977129001365,Low,31618,12
A0205,2.6019910647329926e-05,Low,49990,12
A0206,0.038679582766467,Low,34528,12
A0207,0.0013654966154615237,Low,49454,12
A0208,0.3366336188050533,High,6881,28
A0209,0.1194394539516761,Medium,22408,18
A0210,0.8991713444573755,High,1000,28
A0211,0.9736503499123355,High,1000,28
A0212,0.0286623068170072,Low,38535,12
A0213,0.47048336541020896,High,2063,28
A0214,0.17876182745681787,Medium,14498,18
A0215,0.7834917587560148,High,1000,28
A0216,0.0001727877722663871,Low,49931,12
A0217,0.9786617861705255,High,1000,28
A0218,4.422284714839011e-05,Low,49982,12
A0219,0.009491881091074707,Low,46203,12
A0220,0.9572890363600999,High,1000,28
A0221,0.0028248980911812307,Low,48870,12
A0222,0.06407901484828257,Low,24368,12
A0223,0.08677627060515274,Low,15289,12
A0224,1.3931953985785023e-05,Low,49994,12
A0225,8.689471957515686e-05,Low,49965,12
A0226,0.11777648819815281,Medium,22630,18
A0227,0.004390563393245456,Low,48244,12
A0228,0.003658505663683352,Low,48537,12
A0229,0.033109560591382495,Low,36756,12
A0230,0.18671195118224834,Medium,13438,18
A0231,0.008274979892064268,Low,46690,12
A0232,0.03969125293280234,Low,34123,12
A0233,0.2744793265155548,High,9119,28
A0234,0.00018489165605729677,Low,49926,12
A0235,0.0013976433677706243,Low,49441,12
A0236,0.00040313133427492495,Low,49839,12
A0237,1.0421590657977896e-06,Low,50000,12
A0238,0.9692795323822467,High,1000,28
A0239,0.0035250705365567265,Low,48590,12
A0240,0.4748887189371728,High,1904,28
A0241,0.0033369833091840876,Low,48665,12
A0242,0.2193314106215159,Medium,9089,18
A0243,0.4774510120749803,High,1812,28
A0244,0.005130864142494178,Low,47948,12
A0245,0.00020090770030362583,Low,49920,12
A0246,0.09320982830123827,Low,12716,12
A0247,0.014358747755282255,Low,44257,12
A0248,3.1586918654779027e-06,Low,49999,12
A0249,0.9283404756858181,High,1000,28
A0250,0.0004194767496066088,Low,49832,12
A0251,0.010712152429024652,Low,45715,12
A0252,0.0621741882067215,Low,25130,12
A0253,0.09525961882238215,Low,11896,12
A0254,0.013595183527325977,Low,44562,12
A0255,1.5486183375941084e-05,Low,49994,12
A0256,0.04362832750399347,Low,32549,12
A0257,0.026059270567332038,Low,39576,12
A0258,0.0003573706877081222,Low,49857,12
A0259,0.0004322155714544004,Low,49827,12
A0260,7.339423390733852e-05,Low,49971,12
A0261,0.004457136647304125,Low,48217,12
A0262,0.005973486571222529,Low,47611,12
A0263,5.0990020293622995e-05,Low,49980,12
A0264,0.00013444455696279335,Low,49946,12
A0265,0.14526390708312656,Medium,18965,18
A0266,0.9472891103890518,High,1000,28
A0267,1.7042475002709087e-06,Low,49999,12
A0268,0.07794197393799936,Low,18823,12
A0269,0.00016917222679353562,Low,49932,12
A0270,0.3112651142395489,High,7794,28
A0271,0.07441142658219486,Low,20235,12
A0272,0.013457946942197868,Low,44617,12
A0273,0.895766659339486,High,1000,28
A0274,0.014652717327553267,Low,44139,12
A0275,0.776674737648057,High,1000,28
A0276,0.00017713687751578418,Low,49929,12
A0277,0.6714635143113831,High,1000,28
A0278,0.13927239008591483,Medium,19764,18
A0279,0.48167509818730825,High,1660,28
A0280,0.43239845976517144,High,3434,28
A0281,0.3529813869567841,High,6293,28
A0282,1.0143321190080215e-05,Low,49996,12
A0283,0.018746470726106673,Low,42501,12
A0284,0.04194318284726837,Low,33223,12
A0285,0.7289566981027331,High,1000,28
A0286,0.0022294513766949555,Low,49108,12
A0287,0.0028735683274867235,Low,48851,12
A0288,0.017984762540295365,Low,42806,12
A0289,0.0005372195246334184,Low,49785,12
A0290,0.0002556064749300019,Low,49898,12
A0291,0.011806368124681001,Low,45277,12
A0292,0.0018086338859485632,Low,49277,12
A0293,0.009720831199557991,Low,46112,12
A0294,0.5831613392194968,High,1000,28
A0295,0.00047653789264845436,Low,49809,12
A0296,0.9983202871288963,High,1000,28
A0297,0.0005075772908599833,Low,49797,12
A0298,7.87805838250532e-05,Low,49968,12
A0299,0.04191756397516696,Low,33233,12
A0300,0.9879820743338095,High,1000,28
A0301,0.0005631332001614868,Low,49775,12
A0302,0.5672266018568444,High,1000,28
A0303,0.752022564685231,High,1000,28
A0304,0.0013209706784030166,Low,49472,12
A0305,0.08983511787001681,Low,14066,12
A0306,0.004406451393986618,Low,48237,12
A0307,0.6549987444257379,High,1000,28
A0308,0.0013840674878718314,Low,49446,12
A0309,0.12103880905476785,Medium,22195,18
A0310,3.119897387775285e-05,Low,49988,12
A0311,0.0075138954315322895,Low,46994,12
A0312,0.17470184775122383,Medium,15040,18
A0313,0.017586429251932618,Low,42965,12
A0314,0.9911980782086445,High,1000,28
A0315,0.9813233581374375,High,1000,28
A0316,0.9964062087137707,High,1000,28
A0317,5.055062776168937e-05,Low,49980,12
A0318,0.12783397974794306,Medium,21289,18
A0319,0.0014749214371600535,Low,49410,12
A0320,0.05710356801779032,Low,27159,12
A0321,4.395970950974748e-05,Low,49982,12
A0322,0.8501140263239698,High,1000,28
A0323,0.00030348926182035245,Low,49879,12
A0324,0.9959595142262073,High,1000,28
A0325,0.0033179368352880007,Low,48673,12
A0326,0.014073733055085672,Low,44371,12
A0327,0.024698011149499058,Low,40121,12
A0328,0.8457281189217529,High,1000,28
A0329,0.09002459351155881,Low,13990,12
A0330,5.949245899555208e-06,Low,49998,12
A0331,0.0006810309728427854,Low,49728,12
A0332,0.10757787653403568,Medium,23990,18
A0333,3.3381383043078705e-06,Low,49999,12
A0334,0.10634320511326659,Medium,24154,18
A0335,0.2334710396588691,Medium,7204,18
A0336,0.15054080205289683,Medium,18261,18
A0337,2.189382652384182e-07,Low,50000,12
A0338,0.0002911091214045604,Low,49884,12
A0339,0.14161660875664192,Medium,19451,18
A0340,0.027464213503797866,Low,39014,12
A0341,0.06491702826532669,Low,24033,12
A0342,0.005920229013937301,Low,47632,12
A0343,0.0009304865687988309,Low,49628,12
A0344,0.0009031485037523401,Low,49639,12
A0345,1.1245456188503009e-05,Low,49996,12
A0346,0.008716193352388107,Low,46514,12
A0347,0.7393572263145717,High,1000,28
A0348,0.00031575470106718164,Low,49874,12
A0349,0.04947971806152288,Low,30208,12
A0350,0.005025319783866717,Low,47990,12
A0351,0.2677671703138855,High,9360,28
A0352,1.4156179392098984e-05,Low,49994,12
A0353,0.012982848872775487,Low,44807,12
A0354,0.4824014495717289,High,1634,28
A0355,0.2565721159370072,High,9763,28
A0356,0.3274764426717838,High,7211,28
A0357,0.00031759811898162175,Low,49873,12
A0358,2.7929887610098302e-05,Low,49989,12
A0359,0.0006720037915717295,Low,49731,12
A0360,0.10287429135645142,Medium,24617,18
A0361,0.8838756645648664,High,1000,28
A0362,0.03675003990228498,Low,35300,12
A0363,0.00020312733885384615,Low,49919,12
A0364,2.3617811439639837e-05,Low,49991,12
A0365,0.010069330813412346,Low,45972,12
A0366,0.06121502236757759,Low,25514,12
A0367,0.05578009501154444,Low,27688,12
A0368,0.002444512937940877,Low,49022,12
A0369,1.555958929255157e-05,Low,49994,12
A0370,0.012226460192150606,Low,45109,12
A0371,0.004625310591964609,Low,48150,12
A0372,0.0018165453845969868,Low,49273,12
A0373,0.36949516760360734,High,5698,28
A0374,0.00014985476750038572,Low,49940,12
A0375,0.8816909496318394,High,1000,28
A0376,7.658037477005356e-05,Low,49969,12
A0377,0.0001836505282265728,Low,49927,12
A0378,0.005431425485560867,Low,47827,12
A0379,0.7696980090055443,High,1000,28
A0380,0.017597515945746347,Low,42961,12
A0381,0.8720007303411121,High,1000,28
A0382,0.12900474060670233,Medium,21133,18
A0383,0.08413688375694814,Low,16345,12
A0384,0.01390473193294376,Low,44438,12
A0385,6.179746321667439e-05,Low,49975,12
A0386,0.007059386895440738,Low,47176,12
A0387,0.3389120937144925,High,6799,28
A0388,0.8491163511177225,High,1000,28
A0389,0.00013820381505976276,Low,49945,12
A0390,0.6686843076935507,High,1000,28
A0391,0.0669431094217534,Low,23223,12
A0392,0.006540809207109871,Low,47384,12
A0393,2.7339831675382934e-05,Low,49989,12
A0394,0.003267838879465493,Low,48693,12
A0395,0.0008244938539161076,Low,49670,12
A0396,0.048271523156614655,Low,30691,12
A0397,0.7002870187474485,High,1000,28
A0398,0.006869603504192614,Low,47252,12
A0399,0.34971084988290857,High,6410,28
A0400,0.007110803188408934,Low,47156,12
