applicant_id,age,monthly_income_inr,existing_loans_count,credit_utilization_ratio,upi_monthly_inflow_inr,bounced_payments_count,employment_type,credit_bureau_score,default_flag
A0001,59,41646,4,0.8,17398,2,salaried,,1
A0002,49,119185,0,0.08,58503,3,salaried,380.0,0
A0003,35,38049,0,0.59,8638,1,salaried,788.0,0
A0004,28,113116,0,0.26,8570,2,salaried,387.0,0
A0005,41,112379,2,0.16,70785,3,salaried,493.0,0
A0006,59,83385,2,0.12,11110,0,self_employed,403.0,0
A0007,39,141131,0,0.68,107899,1,gig,395.0,1
A0008,43,38289,4,0.36,81141,1,salaried,722.0,0
A0009,31,125226,3,0.7,14115,3,gig,,1
A0010,31,115793,3,0.11,41062,3,salaried,,0
A0011,44,24823,1,0.33,24911,1,salaried,,0
A0012,56,56975,4,0.54,106061,1,salaried,677.0,0
A0013,44,24540,2,0.76,34556,0,salaried,466.0,1
A0014,23,31364,0,0.34,80131,1,self_employed,808.0,0
A0015,42,42663,1,0.61,3969,0,self_employed,,0
A0016,22,66991,3,0.85,45753,0,salaried,892.0,0
A0017,44,119182,2,0.6,84811,3,salaried,,0
A0018,50,109704,2,0.26,6470,1,salaried,,0
A0019,58,64115,0,0.07,12225,1,salaried,372.0,0
A0020,22,106007,3,0.83,109860,1,salaried,440.0,1
A0021,41,26938,4,0.07,109510,2,salaried,881.0,0
A0022,53,106680,2,0.84,110295,0,self_employed,561.0,0
A0023,32,19000,0,0.53,25196,2,gig,,0
A0024,42,116042,4,0.9,107823,1,salaried,,1
A0025,45,108610,3,0.77,15669,2,gig,544.0,1
A0026,47,118691,2,0.95,39380,0,salaried,814.0,0
A0027,48,53304,4,0.37,112677,0,salaried,636.0,0
A0028,36,84449,4,0.74,117886,1,salaried,874.0,0
A0029,35,97986,4,0.41,50320,1,self_employed,860.0,0
A0030,23,123940,2,0.48,49414,3,gig,375.0,1
A0031,57,53494,2,0.61,105542,1,self_employed,474.0,0
A0032,27,18373,1,0.84,17577,1,salaried,408.0,1
A0033,41,112532,3,0.94,90009,0,self_employed,,0
A0034,29,107658,0,0.74,57409,2,salaried,,0
A0035,59,138633,4,0.43,30625,1,gig,364.0,1
A0036,38,115386,1,0.43,83040,3,salaried,773.0,0
A0037,24,42350,0,0.71,26089,1,salaried,399.0,0
A0038,45,108008,1,0.26,38487,0,self_employed,843.0,0
A0039,34,109297,2,0.15,67838,0,self_employed,,0
A0040,29,40351,4,0.37,98999,1,salaried,751.0,0
A0041,46,103668,0,0.31,112448,1,self_employed,,0
A0042,22,129585,0,0.32,96795,0,salaried,,0
A0043,40,90353,0,0.26,52138,0,self_employed,718.0,0
A0044,48,80953,0,0.09,44823,4,self_employed,787.0,0
A0045,27,72458,0,0.07,39208,1,self_employed,377.0,0
A0046,28,35358,1,0.94,56061,1,self_employed,569.0,0
A0047,55,18267,4,0.43,32659,1,salaried,,1
A0048,34,97745,2,0.4,103376,1,salaried,467.0,0
A0049,37,104588,2,0.66,33890,1,self_employed,638.0,0
A0050,56,53513,2,0.25,81134,1,salaried,492.0,0
A0051,24,26338,2,0.9,49055,4,salaried,752.0,0
A0052,22,146484,1,0.76,114269,1,salaried,,0
A0053,26,22543,3,0.13,21508,0,salaried,635.0,0
A0054,24,120891,4,0.43,44287,1,self_employed,689.0,0
A0055,49,75692,0,0.84,80916,2,salaried,824.0,0
A0056,38,59425,3,0.9,28984,3,self_employed,539.0,1
A0057,46,53756,2,0.47,112169,0,salaried,782.0,0
A0058,54,33888,3,0.6,10125,1,salaried,,0
A0059,30,62295,4,0.2,38059,2,salaried,854.0,0
A0060,56,129352,0,0.94,71569,0,salaried,757.0,0
A0061,34,98042,0,0.26,105409,0,salaried,388.0,0
A0062,51,100999,4,0.9,19087,1,self_employed,394.0,1
A0063,35,32955,4,0.63,108437,0,salaried,751.0,0
A0064,28,52841,2,0.6,117262,0,self_employed,727.0,0
A0065,34,85640,0,0.51,7704,2,salaried,450.0,0
A0066,43,76476,3,0.26,62576,0,salaried,813.0,0
A0067,41,59811,1,0.21,75384,1,self_employed,,0
A0068,36,86180,1,0.25,89128,1,salaried,321.0,0
A0069,38,127856,4,0.22,113279,0,salaried,,0
A0070,44,83450,2,0.75,74460,0,salaried,818.0,0
A0071,46,126888,1,0.37,29208,2,salaried,505.0,0
A0072,45,125448,0,0.1,87150,0,self_employed,674.0,0
A0073,49,29397,4,0.92,68024,0,salaried,750.0,0
A0074,35,146800,3,0.85,41882,1,self_employed,894.0,0
A0075,21,134180,4,0.88,27923,2,gig,478.0,1
A0076,45,81234,3,0.95,116044,0,salaried,,0
A0077,27,54954,4,0.21,103477,0,gig,799.0,0
A0078,29,94459,4,0.41,31165,3,salaried,,0
A0079,44,74163,4,0.73,69203,0,gig,423.0,1
A0080,21,66934,3,0.68,93749,2,salaried,412.0,1
A0081,28,69098,3,0.19,6114,3,self_employed,311.0,1
A0082,44,20486,4,0.78,66965,2,salaried,425.0,1
A0083,31,101900,1,0.25,38321,2,salaried,864.0,0
A0084,37,141020,2,0.25,75297,1,self_employed,630.0,0
A0085,28,117795,2,0.53,98652,1,self_employed,582.0,0
A0086,55,102508,2,0.58,101304,1,salaried,439.0,0
A0087,55,133324,3,0.57,115942,0,salaried,700.0,0
A0088,53,75566,3,0.13,27426,0,self_employed,396.0,0
A0089,25,42192,1,0.84,19772,2,self_employed,816.0,0
A0090,59,16062,2,0.29,105754,4,gig,868.0,0
A0091,48,99076,2,0.17,5712,2,self_employed,368.0,0
A0092,27,104780,4,0.85,3367,3,gig,417.0,1
A0093,29,36689,3,0.91,108493,3,self_employed,358.0,1
A0094,28,26174,2,0.83,109317,0,salaried,332.0,1
A0095,32,103461,1,0.78,117142,0,salaried,617.0,0
A0096,54,141174,1,0.64,93736,2,self_employed,349.0,1
A0097,53,118033,2,0.55,53924,3,self_employed,,0
A0098,43,24348,3,0.13,5726,1,salaried,,0
A0099,44,53102,1,0.42,91152,0,salaried,496.0,0
A0100,57,89460,4,0.39,29723,3,gig,749.0,0
A0101,55,117634,1,0.28,105110,1,salaried,,0
A0102,42,104930,0,0.7,102494,1,salaried,751.0,0
A0103,47,21801,0,0.5,11108,0,salaried,,0
A0104,55,118150,3,0.12,79714,2,salaried,440.0,0
A0105,21,16542,2,0.25,37643,2,salaried,383.0,0
A0106,55,36677,3,0.66,33324,2,salaried,690.0,0
A0107,57,54081,3,0.12,105896,0,salaried,890.0,0
A0108,34,108105,3,0.82,85360,1,self_employed,514.0,0
A0109,23,34065,3,0.5,112896,1,salaried,825.0,0
A0110,21,103092,4,0.48,10927,1,self_employed,514.0,0
A0111,25,69693,4,0.58,95680,1,gig,702.0,1
A0112,46,41962,1,0.79,98546,2,salaried,427.0,1
A0113,34,43295,0,0.36,24443,0,self_employed,776.0,0
A0114,59,28807,3,0.66,81973,1,salaried,703.0,0
A0115,47,147396,1,0.56,65449,2,gig,328.0,1
A0116,29,106267,0,0.29,111834,3,salaried,637.0,0
A0117,35,34870,2,0.84,107314,1,self_employed,,0
A0118,35,41790,4,0.77,78743,0,self_employed,868.0,0
A0119,46,133874,0,0.64,62233,1,salaried,691.0,0
A0120,33,40289,2,0.82,27537,1,salaried,517.0,1
A0121,52,30485,0,0.83,103293,1,self_employed,,0
A0122,59,59482,4,0.69,79576,1,self_employed,501.0,1
A0123,52,101188,4,0.8,109522,2,salaried,316.0,1
A0124,24,19748,1,0.68,24612,3,self_employed,621.0,0
A0125,50,18709,3,0.66,95977,2,salaried,817.0,0
A0126,57,138961,0,0.61,8471,0,self_employed,869.0,0
A0127,43,45355,0,0.73,37631,1,salaried,624.0,0
A0128,59,57918,2,0.19,110997,2,gig,,0
A0129,35,67224,4,0.84,94059,1,salaried,617.0,1
A0130,49,54298,0,0.83,33348,1,salaried,381.0,0
A0131,56,95219,4,0.08,66732,0,salaried,773.0,0
A0132,33,76629,0,0.79,3177,0,salaried,767.0,0
A0133,52,81040,1,0.17,6760,4,salaried,724.0,0
A0134,27,43016,3,0.35,34779,1,salaried,503.0,0
A0135,42,38960,0,0.72,23636,1,self_employed,,0
A0136,48,48591,4,0.19,83889,2,salaried,686.0,0
A0137,22,118333,1,0.79,55551,2,salaried,397.0,1
A0138,26,129821,0,0.8,13556,1,salaried,644.0,0
A0139,48,51395,2,0.51,29598,0,salaried,507.0,0
A0140,48,144695,3,0.06,13563,0,salaried,813.0,0
A0141,40,49620,0,0.31,48819,1,salaried,,0
A0142,50,143148,1,0.61,111326,1,salaried,,0
A0143,31,35559,2,0.93,75770,1,salaried,321.0,1
A0144,48,108396,1,0.62,93055,3,salaried,453.0,1
A0145,45,36732,1,0.28,28966,2,self_employed,,0
A0146,59,106362,2,0.62,83709,0,salaried,594.0,0
A0147,53,28843,1,0.54,61889,0,salaried,518.0,0
A0148,21,129065,2,0.75,28987,2,gig,794.0,0
A0149,47,86726,0,0.15,80714,2,salaried,529.0,0
A0150,33,32640,2,0.73,106874,1,self_employed,,0
A0151,23,67528,2,0.54,60348,3,salaried,,0
A0152,59,53413,3,0.92,26596,0,self_employed,447.0,1
A0153,26,67638,2,0.36,35174,0,self_employed,407.0,0
A0154,28,125133,2,0.62,66106,0,salaried,702.0,0
A0155,47,121357,0,0.89,109510,0,gig,,0
A0156,29,93859,3,0.14,71967,1,salaried,782.0,0
A0157,57,114657,4,0.89,61182,0,salaried,666.0,0
A0158,53,26023,0,0.67,95300,2,self_employed,713.0,0
A0159,44,36447,0,0.11,89163,0,self_employed,608.0,0
A0160,35,140899,4,0.32,41310,1,salaried,433.0,0
A0161,52,38959,2,0.69,58088,0,salaried,582.0,0
A0162,52,81203,1,0.11,10906,1,salaried,,0
A0163,44,134156,3,0.57,38914,1,salaried,780.0,0
A0164,32,24337,1,0.36,112350,2,self_employed,651.0,0
A0165,59,61427,4,0.61,47379,4,salaried,859.0,0
A0166,22,76529,0,0.09,80612,1,salaried,625.0,0
A0167,23,117023,0,0.83,116828,2,salaried,742.0,0
A0168,57,99665,3,0.93,39650,1,salaried,,0
A0169,37,120787,0,0.92,48881,1,salaried,,0
A0170,22,48307,0,0.72,48413,2,self_employed,807.0,0
A0171,22,142016,3,0.17,8012,0,gig,557.0,0
A0172,48,19835,3,0.73,52115,0,self_employed,712.0,0
A0173,43,35159,4,0.07,9151,0,salaried,751.0,0
A0174,57,136790,0,0.07,59716,0,gig,364.0,0
A0175,52,120616,0,0.34,95747,2,self_employed,894.0,0
A0176,53,93752,4,0.49,94653,0,self_employed,453.0,0
A0177,21,70284,2,0.74,38378,2,salaried,565.0,1
A0178,39,72043,2,0.66,44652,2,salaried,378.0,1
A0179,22,112007,2,0.45,74430,1,salaried,614.0,0
A0180,46,97844,4,0.3,15467,0,salaried,,0
A0181,52,42532,0,0.95,33010,3,salaried,547.0,1
A0182,26,137402,4,0.43,116793,1,salaried,713.0,0
A0183,52,133012,4,0.46,56691,1,salaried,324.0,1
A0184,24,71178,2,0.2,66157,2,self_employed,,0
A0185,31,64407,1,0.77,110177,0,salaried,748.0,0
A0186,37,65990,0,0.67,14289,1,salaried,600.0,0
A0187,58,144473,2,0.25,46976,0,gig,367.0,0
A0188,44,73141,1,0.12,45596,0,gig,306.0,0
A0189,25,71570,1,0.66,25171,1,self_employed,436.0,1
A0190,54,16015,3,0.64,102441,1,gig,,1
A0191,26,76813,0,0.3,88365,3,salaried,,0
A0192,42,42712,1,0.91,101590,3,gig,719.0,1
A0193,31,115497,2,0.19,116014,0,salaried,372.0,0
A0194,36,127816,3,0.44,46139,2,salaried,536.0,0
A0195,53,143778,0,0.9,50713,1,salaried,345.0,1
A0196,29,77292,4,0.43,31734,2,salaried,,1
A0197,26,38833,2,0.62,74588,2,salaried,,0
A0198,36,35309,1,0.41,65646,1,self_employed,465.0,0
A0199,49,21970,1,0.3,5654,2,self_employed,669.0,0
A0200,23,87474,2,0.94,91022,2,self_employed,353.0,1
A0201,40,61540,1,0.42,20743,1,salaried,718.0,0
A0202,56,33017,3,0.85,50368,2,self_employed,806.0,0
A0203,39,90880,0,0.26,92025,2,self_employed,640.0,0
A0204,46,120570,3,0.24,76172,1,salaried,426.0,0
A0205,23,23702,1,0.08,8441,0,self_employed,708.0,0
A0206,39,146456,4,0.64,26611,0,salaried,666.0,0
A0207,40,15404,0,0.38,109971,2,salaried,570.0,0
A0208,52,27763,0,0.83,14149,1,gig,,0
A0209,27,113142,2,0.48,102102,0,salaried,372.0,0
A0210,53,95642,2,0.92,61189,4,salaried,547.0,1
A0211,59,65612,4,0.22,109904,3,gig,342.0,1
A0212,38,38574,0,0.83,23675,2,self_employed,676.0,0
A0213,21,38524,4,0.75,73031,0,salaried,,0
A0214,31,25916,2,0.74,44668,1,salaried,,1
A0215,48,19809,2,0.81,15673,2,salaried,511.0,1
A0216,45,136288,0,0.73,78666,1,self_employed,792.0,0
A0217,43,53765,3,0.61,90204,3,salaried,338.0,1
A0218,51,60106,1,0.17,82758,1,salaried,668.0,0
A0219,50,68932,2,0.08,67429,2,gig,,0
A0220,55,72091,2,0.88,25669,2,salaried,410.0,1
A0221,27,36949,3,0.6,36068,0,salaried,779.0,0
A0222,36,52744,3,0.77,90789,2,salaried,735.0,0
A0223,46,123319,4,0.48,11435,0,self_employed,,0
A0224,22,107193,4,0.16,96088,0,salaried,874.0,0
A0225,21,51187,1,0.16,54249,1,salaried,665.0,0
A0226,32,139454,1,0.67,39384,3,self_employed,,0
A0227,25,29489,0,0.44,83929,3,salaried,598.0,0
A0228,57,76877,4,0.23,78153,0,salaried,595.0,0
A0229,52,64922,2,0.49,106056,1,salaried,502.0,0
A0230,29,109074,4,0.11,77388,1,salaried,360.0,0
A0231,55,52131,2,0.57,33401,0,salaried,613.0,0
A0232,39,130765,3,0.29,73831,1,salaried,460.0,0
A0233,36,88963,4,0.77,117760,1,salaried,630.0,0
A0234,23,121884,3,0.33,103529,2,salaried,827.0,0
A0235,40,140917,1,0.46,36084,1,self_employed,637.0,0
A0236,44,39285,1,0.06,112641,0,gig,,0
A0237,53,52626,0,0.12,107111,1,self_employed,802.0,0
A0238,44,34198,4,0.4,57826,5,gig,,1
A0239,31,30254,3,0.48,38451,3,salaried,849.0,0
A0240,28,59238,2,0.59,9227,1,gig,574.0,1
A0241,56,16252,1,0.31,33910,2,salaried,,0
A0242,58,54764,1,0.68,38041,1,gig,,0
A0243,40,92709,2,0.82,90920,1,gig,618.0,0
A0244,55,68682,3,0.75,67681,2,self_employed,888.0,0
A0245,45,74494,3,0.09,105314,1,gig,803.0,0
A0246,55,96317,4,0.48,83571,3,self_employed,686.0,0
A0247,45,80215,4,0.14,67481,2,salaried,,0
A0248,49,93587,0,0.27,70576,1,salaried,789.0,0
A0249,38,21949,1,0.94,109958,1,self_employed,372.0,1
A0250,38,70393,4,0.18,66174,2,salaried,808.0,0
A0251,22,40934,3,0.5,28160,0,self_employed,689.0,0
A0252,55,90745,2,0.61,117170,0,gig,594.0,0
A0253,36,109456,3,0.68,119867,1,salaried,,0
A0254,56,68413,1,0.55,19633,1,self_employed,,0
A0255,53,112239,3,0.06,96880,0,gig,867.0,0
A0256,24,57318,0,0.34,19014,1,gig,486.0,0
A0257,53,85390,1,0.52,82532,4,gig,744.0,0
A0258,34,58088,2,0.13,51104,0,salaried,,0
A0259,41,118196,0,0.37,43621,0,gig,662.0,0
A0260,40,70479,1,0.08,79231,0,self_employed,,0
A0261,28,34963,2,0.12,70388,1,salaried,487.0,0
A0262,27,70123,0,0.41,18014,3,salaried,,0
A0263,23,140911,0,0.17,94578,0,self_employed,551.0,0
A0264,37,117468,1,0.56,35755,2,salaried,848.0,0
A0265,53,88477,4,0.67,42390,0,self_employed,634.0,0
A0266,32,29388,0,0.77,25711,4,self_employed,391.0,1
A0267,42,20569,0,0.23,93658,1,salaried,829.0,0
A0268,42,84836,2,0.2,59993,1,self_employed,362.0,0
A0269,50,119573,3,0.14,76696,3,self_employed,811.0,0
A0270,58,60002,1,0.62,29213,2,salaried,438.0,0
A0271,58,39071,1,0.69,117788,1,salaried,484.0,0
A0272,28,73243,4,0.08,106956,1,salaried,504.0,0
A0273,47,140827,4,0.89,59784,1,salaried,513.0,1
A0274,47,123215,1,0.1,9421,3,gig,555.0,0
A0275,54,116570,4,0.54,88936,2,salaried,434.0,1
A0276,41,84724,2,0.69,101073,0,self_employed,872.0,0
A0277,50,130359,1,0.83,19727,1,salaried,387.0,0
A0278,53,90697,4,0.69,114418,0,salaried,,0
A0279,48,43732,1,0.77,6358,0,self_employed,428.0,0
A0280,53,136465,3,0.36,67108,0,self_employed,302.0,1
A0281,25,72108,0,0.78,96018,2,salaried,420.0,0
A0282,39,126195,1,0.12,34117,0,salaried,684.0,0
A0283,24,118081,0,0.86,90700,1,salaried,,0
A0284,55,51668,4,0.54,33910,0,salaried,640.0,0
A0285,37,38061,0,0.79,100032,1,self_employed,320.0,1
A0286,48,94252,1,0.46,57754,0,salaried,541.0,0
A0287,50,54749,3,0.63,64438,0,salaried,754.0,0
A0288,49,145560,4,0.52,111847,0,salaried,602.0,0
A0289,26,119680,1,0.71,31371,0,gig,895.0,0
A0290,55,66745,4,0.12,53501,1,gig,894.0,0
A0291,57,123464,2,0.1,62946,1,salaried,368.0,0
A0292,44,106865,0,0.27,40467,0,self_employed,428.0,0
A0293,49,127428,2,0.19,19625,2,salaried,495.0,0
A0294,51,38624,1,0.83,35893,1,salaried,439.0,1
A0295,55,38321,3,0.25,78329,1,self_employed,743.0,0
A0296,53,37574,4,0.93,33007,3,gig,582.0,1
A0297,41,133831,0,0.35,93302,0,gig,611.0,0
A0298,52,110257,4,0.21,41532,0,self_employed,834.0,0
A0299,43,79291,1,0.76,56253,1,salaried,576.0,0
A0300,53,142600,4,0.64,14323,2,self_employed,360.0,1
A0301,23,65428,0,0.5,113335,1,salaried,618.0,0
A0302,38,146374,1,0.55,114356,3,self_employed,351.0,0
A0303,45,146127,4,0.7,112944,1,salaried,452.0,1
A0304,51,126317,3,0.26,75379,0,self_employed,610.0,0
A0305,23,142449,1,0.95,16210,0,salaried,,0
A0306,44,43699,1,0.93,18456,2,salaried,866.0,0
A0307,52,88686,3,0.64,33367,1,gig,,1
A0308,42,82661,2,0.23,56624,1,salaried,,0
A0309,43,59247,0,0.66,12106,2,salaried,476.0,0
A0310,22,120113,2,0.11,105493,0,salaried,661.0,0
A0311,47,19621,4,0.08,70008,2,salaried,613.0,0
A0312,22,33030,3,0.28,117395,1,salaried,396.0,0
A0313,46,97838,2,0.47,118492,1,salaried,512.0,0
A0314,37,99717,1,0.83,74240,4,gig,436.0,1
A0315,53,53638,4,0.7,66315,0,salaried,305.0,1
A0316,29,82067,4,0.72,71249,1,gig,408.0,1
A0317,59,133033,2,0.43,72587,1,self_employed,846.0,0
A0318,49,120977,2,0.36,12756,0,salaried,338.0,0
A0319,46,103869,3,0.38,70011,1,self_employed,724.0,0
A0320,55,120186,0,0.94,38378,1,salaried,560.0,0
A0321,45,49674,2,0.09,6255,0,self_employed,725.0,0
A0322,44,61271,2,0.83,16484,0,salaried,386.0,1
A0323,33,88688,1,0.57,58549,1,salaried,764.0,0
A0324,27,126076,4,0.44,36503,3,gig,375.0,1
A0325,56,16062,0,0.7,75794,1,gig,770.0,0
A0326,40,65448,1,0.49,108283,0,gig,,0
A0327,21,110462,3,0.84,102732,1,salaried,756.0,0
A0328,28,62915,3,0.86,47113,2,self_employed,584.0,1
A0329,36,19632,2,0.43,107730,3,salaried,538.0,0
A0330,34,119592,2,0.3,76069,1,salaried,898.0,0
A0331,32,149668,3,0.58,100117,2,salaried,857.0,0
A0332,43,124779,2,0.87,7249,1,self_employed,671.0,0
A0333,35,123099,0,0.24,21201,1,salaried,794.0,0
A0334,48,22561,2,0.61,60576,2,salaried,,0
A0335,54,97152,4,0.62,11686,0,gig,700.0,0
A0336,22,140036,2,0.71,114413,2,salaried,546.0,0
A0337,52,139049,1,0.17,55363,0,salaried,896.0,0
A0338,43,41734,0,0.69,99543,1,salaried,749.0,0
A0339,42,41069,1,0.87,2661,2,gig,784.0,0
A0340,45,27910,1,0.21,46843,0,salaried,317.0,0
A0341,42,88479,4,0.26,97673,3,salaried,,0
A0342,42,96264,0,0.92,62963,1,self_employed,713.0,0
A0343,26,38275,0,0.21,115092,2,self_employed,534.0,0
A0344,35,87274,0,0.82,44828,0,salaried,715.0,0
A0345,57,115776,0,0.49,50604,0,self_employed,798.0,0
A0346,53,63447,0,0.27,12526,1,self_employed,414.0,0
A0347,28,141394,4,0.83,70910,0,self_employed,533.0,1
A0348,25,90703,2,0.45,27592,2,salaried,839.0,0
A0349,59,91090,1,0.51,30982,1,gig,,0
A0350,24,32260,0,0.37,2207,1,salaried,505.0,0
A0351,26,127581,2,0.58,102969,4,salaried,546.0,0
A0352,52,18812,2,0.2,119181,2,salaried,858.0,0
A0353,50,131148,1,0.4,90733,1,salaried,426.0,0
A0354,55,131421,4,0.92,100936,0,salaried,,1
A0355,36,16605,3,0.28,70619,1,self_employed,417.0,0
A0356,33,87303,3,0.64,31328,2,salaried,,0
A0357,50,91125,2,0.34,48479,1,salaried,711.0,0
A0358,39,139040,1,0.75,110427,0,salaried,883.0,0
A0359,37,19324,3,0.17,22103,0,salaried,662.0,0
A0360,39,91323,2,0.92,41891,1,gig,808.0,0
A0361,48,24111,4,0.46,12754,2,salaried,436.0,1
A0362,46,31389,3,0.26,101983,1,salaried,474.0,0
A0363,57,137177,2,0.12,83437,1,salaried,588.0,0
A0364,46,56427,2,0.2,100540,1,salaried,780.0,0
A0365,43,137883,0,0.52,74982,4,salaried,,0
A0366,29,146189,4,0.35,104747,0,self_employed,494.0,0
A0367,32,140808,0,0.8,57922,1,gig,629.0,0
A0368,21,127221,1,0.44,50231,1,salaried,,0
A0369,21,28234,0,0.27,31301,0,self_employed,748.0,0
A0370,54,68441,0,0.61,93652,4,self_employed,653.0,0
A0371,52,15846,3,0.69,64711,0,self_employed,798.0,0
A0372,45,25954,2,0.2,43323,1,salaried,,0
A0373,21,94239,4,0.2,20752,1,salaried,392.0,1
A0374,36,61514,0,0.08,99912,2,salaried,538.0,0
A0375,59,103236,4,0.71,84205,2,self_employed,504.0,1
A0376,25,112579,0,0.65,100452,2,self_employed,859.0,0
A0377,42,57101,1,0.48,15395,0,salaried,732.0,0
A0378,49,79323,0,0.81,87957,0,salaried,,0
A0379,23,106922,3,0.78,58273,1,gig,616.0,1
A0380,32,142534,2,0.58,93878,1,self_employed,594.0,0
A0381,46,82584,1,0.83,6895,3,gig,,1
A0382,36,119537,0,0.24,117700,4,self_employed,316.0,0
A0383,57,93477,4,0.15,78559,0,salaried,370.0,1
A0384,42,57533,1,0.29,12699,3,self_employed,568.0,0
A0385,49,16828,1,0.1,67061,0,self_employed,624.0,0
A0386,34,16917,0,0.53,11715,2,salaried,604.0,0
A0387,48,35618,1,0.89,21169,2,salaried,,0
A0388,25,47254,4,0.09,18163,2,self_employed,306.0,1
A0389,50,120292,1,0.16,7782,1,salaried,613.0,0
A0390,25,62362,4,0.46,90177,0,self_employed,402.0,1
A0391,32,35128,0,0.89,86328,1,self_employed,,1
A0392,36,138781,2,0.33,117028,0,gig,,0
A0393,46,80545,1,0.51,37585,0,salaried,828.0,0
A0394,46,97180,2,0.09,32682,1,salaried,470.0,0
A0395,41,102958,4,0.18,49864,3,self_employed,836.0,0
A0396,59,148291,1,0.94,86416,0,salaried,550.0,0
A0397,56,54809,3,0.92,57114,3,self_employed,686.0,1
A0398,53,131748,2,0.05,40067,3,self_employed,506.0,0
A0399,50,20287,1,0.91,44685,2,salaried,,0
A0400,57,23512,2,0.63,20073,1,salaried,715.0,0
