transaction_id,user_id,amount_inr,hour,new_device,unusual_hour,high_amount,is_anomaly
T0001,U0081,2423.41,0,0,1,0,0
T0002,U0097,426.8,2,0,1,0,0
T0003,U0075,335.65,4,0,1,0,0
T0004,U0092,1548.76,6,0,0,0,0
T0005,U0096,4669.47,8,1,0,0,0
T0006,U0065,2663.74,10,0,0,0,0
T0007,U0047,1431.75,12,0,0,0,0
T0008,U0092,2055.92,14,0,0,0,0
T0009,U0053,3033.12,16,0,0,0,0
T0010,U0071,3299.45,18,0,0,0,0
T0011,U0002,854.21,20,0,0,0,0
T0012,U0024,4887.46,22,0,0,0,0
T0013,U0004,2769.38,0,0,1,0,0
T0014,U0019,764.87,2,0,1,0,0
T0015,U0026,4478.81,4,0,1,0,0
T0016,U0075,465.73,6,0,0,0,0
T0017,U0040,4547.9,8,1,0,0,0
T0018,U0050,4983.17,10,0,0,0,0
T0019,U0043,3532.12,12,0,0,0,0
T0020,U0075,3875.19,14,0,0,0,0
T0021,U0067,1752.78,16,0,0,0,0
T0022,U0012,4713.73,18,0,0,0,0
T0023,U0067,2695.6,20,0,0,0,0
T0024,U0027,3688.7,22,0,0,0,0
T0025,U0054,4628.13,0,0,1,0,0
T0026,U0066,4878.38,2,0,1,0,0
T0027,U0049,4182.7,4,0,1,0,0
T0028,U0016,1584.79,6,0,0,0,0
T0029,U0002,4836.08,8,0,0,0,0
T0030,U0060,3177.79,10,0,0,0,0
T0031,U0054,4660.15,12,0,0,0,0
T0032,U0030,3412.91,14,0,0,0,0
T0033,U0084,1605.47,16,0,0,0,0
T0034,U0038,1913.12,18,0,0,0,0
T0035,U0028,2797.31,20,0,0,0,0
T0036,U0025,3971.07,22,0,0,0,0
T0037,U0096,1658.11,0,0,1,0,0
T0038,U0010,2940.68,2,1,1,0,0
T0039,U0060,1793.56,4,0,1,0,0
T0040,U0042,4097.27,6,0,0,0,0
T0041,U0040,2386.97,8,0,0,0,0
T0042,U0097,475.94,10,0,0,0,0
T0043,U0077,913.66,12,0,0,0,0
T0044,U0042,399.41,14,1,0,0,0
T0045,U0047,2546.58,16,0,0,0,0
T0046,U0037,621.05,18,0,0,0,0
T0047,U0080,659.29,20,0,0,0,0
T0048,U0022,4711.14,22,0,0,0,0
T0049,U0057,4376.01,0,0,1,0,0
T0050,U0084,2315.22,2,0,1,0,0
T0051,U0027,4930.45,4,0,1,0,0
T0052,U0041,100.91,6,0,0,0,0
T0053,U0080,3108.5,8,0,0,0,0
T0054,U0034,3120.5,10,0,0,0,0
T0055,U0032,2341.47,12,0,0,0,0
T0056,U0090,2045.05,14,0,0,0,0
T0057,U0089,2331.38,16,0,0,0,0
T0058,U0066,2133.31,18,0,0,0,0
T0059,U0012,3679.41,20,0,0,0,0
T0060,U0040,763.24,22,0,0,0,0
T0061,U0073,1068.43,0,0,1,0,0
T0062,U0076,984.54,2,0,1,0,0
T0063,U0090,1386.11,4,0,1,0,0
T0064,U0073,2673.77,6,0,0,0,0
T0065,U0010,644.92,8,0,0,0,0
T0066,U0096,4354.03,10,0,0,0,0
T0067,U0098,1557.07,12,0,0,0,0
T0068,U0048,896.44,14,0,0,0,0
T0069,U0020,3410.54,16,0,0,0,0
T0070,U0039,286.62,18,0,0,0,0
T0071,U0060,3137.85,20,0,0,0,0
T0072,U0066,3521.17,22,0,0,0,0
T0073,U0065,1153.09,0,0,1,0,0
T0074,U0051,305.62,2,0,1,0,0
T0075,U0036,1881.86,4,0,1,0,0
T0076,U0024,583.11,6,0,0,0,0
T0077,U0027,670.74,8,0,0,0,0
T0078,U0002,1345.88,10,0,0,0,0
T0079,U0031,1547.79,12,0,0,0,0
T0080,U0057,2696.85,14,0,0,0,0
T0081,U0078,3424.12,16,0,0,0,0
T0082,U0066,3004.58,18,0,0,0,0
T0083,U0029,826.97,20,0,0,0,0
T0084,U0015,943.22,22,0,0,0,0
T0085,U0012,4405.97,0,0,1,0,0
T0086,U0028,2835.93,2,0,1,0,0
T0087,U0084,4362.7,4,0,1,0,0
T0088,U0024,1920.58,6,0,0,0,0
T0089,U0021,3110.56,8,0,0,0,0
T0090,U0010,2665.95,10,0,0,0,0
T0091,U0078,1663.71,12,0,0,0,0
T0092,U0018,2402.59,14,0,0,0,0
T0093,U0088,2562.21,16,0,0,0,0
T0094,U0014,1083.78,18,0,0,0,0
T0095,U0034,1643.55,20,0,0,0,0
T0096,U0058,3977.91,22,0,0,0,0
T0097,U0076,4587.36,0,0,1,0,0
T0098,U0022,1862.99,2,0,1,0,0
T0099,U0070,1604.16,4,0,1,0,0
T0100,U0036,1056.47,6,0,0,0,0
T0101,U0045,3424.61,8,0,0,0,0
T0102,U0036,1683.19,10,0,0,0,0
T0103,U0022,4939.97,12,0,0,0,0
T0104,U0078,1695.86,14,0,0,0,0
T0105,U0080,2031.27,16,0,0,0,0
T0106,U0061,3056.34,18,0,0,0,0
T0107,U0100,4028.25,20,1,0,0,0
T0108,U0056,2400.64,22,0,0,0,0
T0109,U0089,2171.01,0,0,1,0,0
T0110,U0096,4978.63,2,0,1,0,0
T0111,U0033,151.42,4,0,1,0,0
T0112,U0045,4485.82,6,1,0,0,0
T0113,U0036,830.79,8,0,0,0,0
T0114,U0020,3951.03,10,0,0,0,0
T0115,U0018,3127.86,12,0,0,0,0
T0116,U0038,1775.05,14,1,0,0,0
T0117,U0067,4381.99,16,0,0,0,0
T0118,U0023,163.25,18,0,0,0,0
T0119,U0096,1210.78,20,0,0,0,0
T0120,U0016,2877.77,22,0,0,0,0
T0121,U0059,1822.56,0,0,1,0,0
T0122,U0069,3090.85,2,0,1,0,0
T0123,U0068,218.14,4,0,1,0,0
T0124,U0021,670.65,6,0,0,0,0
T0125,U0078,722.77,8,0,0,0,0
T0126,U0095,1027.49,10,0,0,0,0
T0127,U0078,2350.72,12,0,0,0,0
T0128,U0070,3785.43,14,1,0,0,0
T0129,U0012,4537.14,16,0,0,0,0
T0130,U0016,4193.33,18,0,0,0,0
T0131,U0081,1064.75,20,0,0,0,0
T0132,U0087,2261.64,22,0,0,0,0
T0133,U0014,1077.12,0,0,1,0,0
T0134,U0061,1395.91,2,0,1,0,0
T0135,U0071,2567.38,4,0,1,0,0
T0136,U0046,433.73,6,0,0,0,0
T0137,U0032,1169.05,8,0,0,0,0
T0138,U0015,4683.35,10,0,0,0,0
T0139,U0044,2383.97,12,0,0,0,0
T0140,U0017,2282.39,14,1,0,0,0
T0141,U0041,171.38,16,0,0,0,0
T0142,U0054,1312.26,18,0,0,0,0
T0143,U0044,4344.83,20,0,0,0,0
T0144,U0098,906.68,22,0,0,0,0
T0145,U0005,2134.11,0,0,1,0,0
T0146,U0027,170.22,2,0,1,0,0
T0147,U0087,2443.84,4,0,1,0,0
T0148,U0078,203.0,6,0,0,0,0
T0149,U0079,4116.09,8,0,0,0,0
T0150,U0043,4141.78,10,0,0,0,0
T0151,U0097,3959.94,12,1,0,0,0
T0152,U0031,1488.48,14,0,0,0,0
T0153,U0099,4202.46,16,0,0,0,0
T0154,U0017,2760.69,18,0,0,0,0
T0155,U0092,1931.66,20,0,0,0,0
T0156,U0083,3164.12,22,0,0,0,0
T0157,U0054,160.47,0,0,1,0,0
T0158,U0062,800.51,2,1,1,0,0
T0159,U0087,3737.24,4,0,1,0,0
T0160,U0032,1296.39,6,0,0,0,0
T0161,U0040,3030.24,8,0,0,0,0
T0162,U0013,1987.0,10,1,0,0,0
T0163,U0084,4288.55,12,0,0,0,0
T0164,U0035,4766.83,14,0,0,0,0
T0165,U0005,4429.47,16,0,0,0,0
T0166,U0073,1426.04,18,0,0,0,0
T0167,U0029,1051.4,20,0,0,0,0
T0168,U0070,2424.73,22,0,0,0,0
T0169,U0025,135.94,0,0,1,0,0
T0170,U0095,226.47,2,0,1,0,0
T0171,U0022,2811.12,4,0,1,0,0
T0172,U0066,2650.2,6,0,0,0,0
T0173,U0045,4973.45,8,0,0,0,0
T0174,U0069,1089.02,10,0,0,0,0
T0175,U0091,1364.71,12,0,0,0,0
T0176,U0089,656.35,14,0,0,0,0
T0177,U0072,4595.96,16,0,0,0,0
T0178,U0001,3911.28,18,1,0,0,0
T0179,U0084,4129.46,20,0,0,0,0
T0180,U0044,4523.54,22,0,0,0,0
T0181,U0087,2672.01,0,0,1,0,0
T0182,U0096,2310.85,2,0,1,0,0
T0183,U0075,1718.92,4,1,1,0,0
T0184,U0039,2987.15,6,0,0,0,0
T0185,U0054,2325.96,8,0,0,0,0
T0186,U0088,2312.67,10,0,0,0,0
T0187,U0075,4690.95,12,0,0,0,0
T0188,U0029,4921.75,14,0,0,0,0
T0189,U0054,4002.77,16,0,0,0,0
T0190,U0090,3808.11,18,0,0,0,0
T0191,U0016,3434.73,20,1,0,0,0
T0192,U0099,913.77,22,0,0,0,0
T0193,U0020,389.62,0,0,1,0,0
T0194,U0046,3484.56,2,0,1,0,0
T0195,U0067,3671.05,4,0,1,0,0
T0196,U0065,330.17,6,0,0,0,0
T0197,U0058,4647.45,8,0,0,0,0
T0198,U0053,546.59,10,0,0,0,0
T0199,U0001,1500.91,12,0,0,0,0
T0200,U0081,3394.71,14,0,0,0,0
T0201,U0066,932.38,16,0,0,0,0
T0202,U0029,371.54,18,0,0,0,0
T0203,U0084,1722.62,20,1,0,0,0
T0204,U0070,3853.26,22,1,0,0,0
T0205,U0008,2127.03,0,1,1,0,0
T0206,U0029,3299.57,2,0,1,0,0
T0207,U0051,2940.13,4,0,1,0,0
T0208,U0033,208.87,6,0,0,0,0
T0209,U0003,4943.85,8,1,0,0,0
T0210,U0060,303.0,10,0,0,0,0
T0211,U0035,4842.23,12,0,0,0,0
T0212,U0069,2794.33,14,0,0,0,0
T0213,U0091,4819.48,16,0,0,0,0
T0214,U0076,662.29,18,0,0,0,0
T0215,U0084,2503.0,20,0,0,0,0
T0216,U0020,930.57,22,0,0,0,0
T0217,U0073,349.78,0,0,1,0,0
T0218,U0039,3125.89,2,0,1,0,0
T0219,U0004,1118.14,4,0,1,0,0
T0220,U0019,2979.72,6,0,0,0,0
T0221,U0091,650.59,8,0,0,0,0
T0222,U0045,1726.73,10,0,0,0,0
T0223,U0043,3930.0,12,0,0,0,0
T0224,U0013,2241.55,14,1,0,0,0
T0225,U0013,3175.95,16,0,0,0,0
T0226,U0060,3272.54,18,1,0,0,0
T0227,U0057,4234.4,20,1,0,0,0
T0228,U0086,1692.12,22,0,0,0,0
T0229,U0092,3467.75,0,0,1,0,0
T0230,U0052,4811.92,2,0,1,0,0
T0231,U0053,3678.19,4,0,1,0,0
T0232,U0086,2500.37,6,0,0,0,0
T0233,U0043,3190.52,8,0,0,0,0
T0234,U0083,3724.45,10,0,0,0,0
T0235,U0072,3100.15,12,0,0,0,0
T0236,U0072,181.71,14,0,0,0,0
T0237,U0042,1054.39,16,0,0,0,0
T0238,U0090,4071.29,18,0,0,0,0
T0239,U0026,1435.99,20,0,0,0,0
T0240,U0023,3684.65,22,0,0,0,0
T0241,U0043,1923.39,0,0,1,0,0
T0242,U0077,2657.23,2,0,1,0,0
T0243,U0028,433.07,4,0,1,0,0
T0244,U0009,988.01,6,0,0,0,0
T0245,U0020,4790.27,8,0,0,0,0
T0246,U0056,4461.68,10,0,0,0,0
T0247,U0083,3296.15,12,0,0,0,0
T0248,U0039,2352.26,14,0,0,0,0
T0249,U0051,3411.23,16,0,0,0,0
T0250,U0012,3131.19,18,0,0,0,0
T0251,U0072,30493.16,4,1,1,1,1
T0252,U0005,69184.2,0,1,1,1,1
T0253,U0041,42146.48,1,1,1,1,1
T0254,U0016,59193.51,0,1,1,1,1
T0255,U0023,26267.43,3,1,1,1,1
T0256,U0027,59502.34,5,1,1,1,1
T0257,U0015,40805.07,0,1,1,1,1
T0258,U0080,27787.04,3,1,1,1,1
T0259,U0083,55490.64,0,1,1,1,1
T0260,U0071,37040.19,0,1,1,1,1
T0261,U0092,44340.36,4,1,1,1,1
T0262,U0054,29029.04,1,1,1,1,1
T0263,U0040,32358.16,5,1,1,1,1
T0264,U0032,39898.86,1,1,1,1,1
T0265,U0033,29487.98,2,1,1,1,1
